artist,geometry,title
artist,geometry,title
"Acconci, Saitowitz and Soloman","{""type"":""Point"",""coordinates"":[-122.4120591,37.8085303]}",Promenade Ribbon
"Acconci, Vito","{""type"":""Point"",""coordinates"":[-122.389979,37.615223]}",Two Wings for Wall and Person
"Acconci, Vito","{""type"":""Point"",""coordinates"":[-122.389979,37.615223]}",Light Beams for the Sky of Transfer Cooridor
"Adams, Gloria Cozzo","{""type"":""Point"",""coordinates"":[-122.389979,37.615223]}",Cityscape #33
"Adams, Mark","{""type"":""Point"",""coordinates"":[-122.389979,37.615223]}",Garden Outside the Gate (The Garden Tapestries)
"Adams, Mark","{""type"":""Point"",""coordinates"":[-122.389979,37.615223]}",Garden in San Andreas Valley (The Garden Tapestries)
"Adams, Mark","{""type"":""Point"",""coordinates"":[-122.389979,37.615223]}",Pond in Golden Gate Park (The Garden Tapestries)
"Aitken, Robert Ingersoll","{""type"":""Point"",""coordinates"":[-122.4075,37.7880556]}","The Dewey Monument (Admiral George Dewey, 1837-1917)"
"Aitken, Robert Ingersoll","{""type"":""Point"",""coordinates"":[-122.4666711,37.7703537]}",Spandrels on Spreckles Temple of Music
"Aitken, Robert Ingersoll","{""type"":""Point"",""coordinates"":[-122.454557,37.771665]}",William McKinley
"Aitken, Robert Ingersoll","{""type"":""Point"",""coordinates"":[-122.4184094,37.7793133]}",Hall McAllister (1829-1888)
"Alavi, Seyed","{""type"":""Point"",""coordinates"":[-122.477977,37.78327]}",Speaking Stones
"Albro, Maxine","{""type"":""Point"",""coordinates"":[-122.4058194,37.8023686]}",California
"Alicia/Montoya, Juana/Emmanuel","{""type"":""Point"",""coordinates"":[-122.389979,37.615223]}",Sanctuario
"Anargyros, Spero","{""type"":""Point"",""coordinates"":[-122.4184094,37.7793133]}",George Moscone
"Anderson, Lois","{""type"":""Point"",""coordinates"":[-122.4390499,37.7474162]}",Outdoor Wall Mosaic
Anonymous,"{""type"":""Point"",""coordinates"":[-122.4666711,37.7703537]}",Ludwig Van Beethoven (1770-1827)
Anonymous,"{""type"":""Point"",""coordinates"":[-122.4525624,37.7069424]}",Kanrin Maru Monument
Anonymous,"{""type"":""Point"",""coordinates"":[-122.4034248,37.7876664]}",Lotta's Fountain
Anonymous,"{""type"":""Point"",""coordinates"":[-122.4122163,37.792033]}",Fountain of the Tortoises
Anonymous,"{""type"":""Point"",""coordinates"":[-122.4701557,37.7701722]}",Untitled (Stone Lantern)
Anonymous,"{""type"":""Point"",""coordinates"":[-122.4701557,37.7701722]}",Amazarasti-no Hotoke (the Buddha that sits throughout the sunny and rainy weathe
Anonymous,"{""type"":""Point"",""coordinates"":[-122.4101513,37.8003423]}",Benjamin Franklin (1706-1790)
"Arcega, Michael","{""type"":""Point"",""coordinates"":[-122.421886,37.7649169]}",Mission Post
"Arnautoff, Victor","{""type"":""Point"",""coordinates"":[-122.491083,37.7774299]}",The Life of George Washington
"Arnautoff, Victor Mikhail","{""type"":""Point"",""coordinates"":[-122.491083,37.7774299]}",Edison (1847-1931) Washington (1732-1799) and Shakespeare (1564-1616)
"Arnautoff, Victor Mikhail","{""type"":""Point"",""coordinates"":[-122.4058194,37.8023686]}",City Life
"Arneson, Robert","{""type"":""Point"",""coordinates"":[-122.3945938,37.7948985]}",Yin Yang
"Arnold, David","{""type"":""Point"",""coordinates"":[-122.4059739,37.7323428]}",Untitled
"Asawa, Ruth","{""type"":""Point"",""coordinates"":[-122.412595,37.783933]}","Redding School, Self-Portrait"
"Asawa, Ruth","{""type"":""Point"",""coordinates"":[-122.4312691,37.7853921]}",Origami Fountains
"Asawa, Ruth","{""type"":""Point"",""coordinates"":[-122.4701557,37.7701722]}",Hagiwara Family Plaque
"Aycock, Alice","{""type"":""Point"",""coordinates"":[-122.415783,37.778864]}",Cyclone Fragment
"Aycock, Alice","{""type"":""Point"",""coordinates"":[-122.415783,37.778864]}",Functional and Fantasy Stair
"Barnes, Carroll","{""type"":""Point"",""coordinates"":[-122.44485,37.7229198]}",Transverse and Column
"Barr, Aileen","{""type"":""Point"",""coordinates"":[-122.4650348,37.7419071]}",Secret Garden
"Barr, Aileen","{""type"":""Point"",""coordinates"":[-122.4650348,37.7419071]}",Secret Garden
"Barr, Aileen","{""type"":""Point"",""coordinates"":[-122.4650348,37.7419071]}",Secret Garden
"Barr, Aileen","{""type"":""Point"",""coordinates"":[-122.4650348,37.7419071]}",Secret Garden
"Barr, Roger","{""type"":""Point"",""coordinates"":[-122.411934,37.809079]}",Skygate
"Barth, Anders","{""type"":""Point"",""coordinates"":[-122.5018724,37.7792703]}",Phoenix
"Barth, Anders","{""type"":""Point"",""coordinates"":[-122.4129435,37.7837739]}",First Person Plural
"Bates, Diana Pompelly","{""type"":""Point"",""coordinates"":[-122.4556651,37.7478586]}",Reflection
"Beasley, Bruce","{""type"":""Point"",""coordinates"":[-122.389979,37.615223]}",The Hesperides
"Beauchemin, Micheline","{""type"":""Point"",""coordinates"":[-122.389979,37.615223]}",                                                      
"Bechtle, Robert","{""type"":""Point"",""coordinates"":[-122.389979,37.615223]}",San Francisco Nova
"Beery, Jonathan","{""type"":""Point"",""coordinates"":[-122.433025,37.80136]}",Leatherback Sea Turtle
"Beery, Jonathan","{""type"":""Point"",""coordinates"":[-122.433025,37.80136]}",The Pink Short-spined Starfish
"Beldner, Ray","{""type"":""Point"",""coordinates"":[-122.510037,37.7732589]}",Playland Revisited
"Berlandina, Jane","{""type"":""Point"",""coordinates"":[-122.4058194,37.8023686]}",Home Life
"Berlant, Tony","{""type"":""Point"",""coordinates"":[-122.389979,37.615223]}",Dancing on the Brink of the World
"Bertrand, Raymond","{""type"":""Point"",""coordinates"":[-122.4058194,37.8023686]}",Meat Industry
"Biaggi, Suzanne","{""type"":""Point"",""coordinates"":[-122.4556651,37.7478586]}",Patterns of Time and Place [stone sculpture]
"Blackstone, Amy","{""type"":""Point"",""coordinates"":[-122.420433,37.763376]}",Untitled
"Blackstone, Amy","{""type"":""Point"",""coordinates"":[-122.4194155,37.7749295]}","Earth, Fire, and Water"
"Blake, Nayland W.","{""type"":""Point"",""coordinates"":[-122.415783,37.778864]}",Constellation
"Bongers, Jaap (Jacob)","{""type"":""Point"",""coordinates"":[-122.464215,37.7798186]}",Untitled #2
"Bongers, Jaap (Jacob)","{""type"":""Point"",""coordinates"":[-122.464215,37.7798186]}",Untitled #1
"Bongers, Jaap (Jacob)","{""type"":""Point"",""coordinates"":[-122.4410438,37.7531196]}",Fire
"Bonner, Jonathan","{""type"":""Point"",""coordinates"":[-122.4556651,37.7478586]}",Bloom
"Bowler, Patti","{""type"":""Point"",""coordinates"":[-122.4154927,37.7967083]}",Dragon Relief
"Boyce, Roger","{""type"":""Point"",""coordinates"":[-122.412999,37.75820100000001]}",Untitled
"Boynton, Raymond","{""type"":""Point"",""coordinates"":[-122.4058194,37.8023686]}",Animal Force and Machine Force
"Brangwyn, Frank","{""type"":""Point"",""coordinates"":[-122.420552,37.779649]}",Water: The Net
"Brangwyn, Frank","{""type"":""Point"",""coordinates"":[-122.420552,37.779649]}",Fire: Industrial Fire
"Brangwyn, Frank","{""type"":""Point"",""coordinates"":[-122.420552,37.779649]}",Fire: Primitive Fire
"Brangwyn, Frank","{""type"":""Point"",""coordinates"":[-122.420552,37.779649]}",Air: The Windmill
"Brangwyn, Frank","{""type"":""Point"",""coordinates"":[-122.420552,37.779649]}",Earth: The Fruit Pickers
"Brangwyn, Frank","{""type"":""Point"",""coordinates"":[-122.420552,37.779649]}",Earth: Dancing the Grapes
"Brangwyn, Frank","{""type"":""Point"",""coordinates"":[-122.420552,37.779649]}",Water: The Fountain
"Brangwyn, Frank","{""type"":""Point"",""coordinates"":[-122.420552,37.779649]}",Air: The Hunters
"Brothers, Beliz","{""type"":""Point"",""coordinates"":[-122.4556651,37.7478586]}",Untitled [light boxes and glass panels]
"Brothers, Beliz","{""type"":""Point"",""coordinates"":[-122.4556651,37.7478586]}",Untitled [light boxes and glass panels]
"Brothers, Beliz","{""type"":""Point"",""coordinates"":[-122.4556651,37.7478586]}",Untitled [light boxes and glass panels]
"Brothers, Beliz","{""type"":""Point"",""coordinates"":[-122.4556651,37.7478586]}",Untitled [light boxes and glass panels]
"Brothers, Beliz","{""type"":""Point"",""coordinates"":[-122.4556651,37.7478586]}",Untitled [light boxes and glass panels]
"Brothers, Beliz","{""type"":""Point"",""coordinates"":[-122.4556651,37.7478586]}",Untitled [light boxes and glass panels]
"Brothers, Beliz","{""type"":""Point"",""coordinates"":[-122.4556651,37.7478586]}",Untitled [light boxes and glass panels]
"Brothers, Beliz","{""type"":""Point"",""coordinates"":[-122.4556651,37.7478586]}",Untitled [light boxes and glass panels]
"Brothers, Beliz","{""type"":""Point"",""coordinates"":[-122.4556651,37.7478586]}",Untitled [light boxes and glass panels]
"Brothers, Beliz","{""type"":""Point"",""coordinates"":[-122.4556651,37.7478586]}",Untitled [light boxes and glass panels]
"Brothers, Beliz","{""type"":""Point"",""coordinates"":[-122.4556651,37.7478586]}",Untitled [light boxes and glass panels]
"Brothers, Beliz","{""type"":""Point"",""coordinates"":[-122.4556651,37.7478586]}",Untitled [light boxes and glass panels]
"Brothers, Beliz","{""type"":""Point"",""coordinates"":[-122.4556651,37.7478586]}",Untitled [light boxes and glass panels]
"Brothers, Beliz","{""type"":""Point"",""coordinates"":[-122.4556651,37.7478586]}",Untitled [light boxes and glass panels]
"Brown, Arthur Page","{""type"":""Point"",""coordinates"":[-122.4818391,37.7705254]}",Portals of the Past
"Brown, Joan","{""type"":""Point"",""coordinates"":[-122.421525,37.7780273]}",The Dancing Musicians
"Brown, Joan","{""type"":""Point"",""coordinates"":[-122.389979,37.615223]}",The Journey #2
"Bufano, Beniamino","{""type"":""Point"",""coordinates"":[-122.4233043,37.7665965]}",Bear and Cubs
"Bufano, Beniamino","{""type"":""Point"",""coordinates"":[-122.4051364,37.7921253]}",Sun Yat-Sen
"Bufano, Beniamino","{""type"":""Point"",""coordinates"":[-122.4233043,37.7665965]}",Rabbit
"Bufano, Beniamino","{""type"":""Point"",""coordinates"":[-122.4233043,37.7665965]}",Mouse
"Bufano, Beniamino","{""type"":""Point"",""coordinates"":[-122.4233043,37.7665965]}",Small Fish--Big Fish
"Bufano, Beniamino","{""type"":""Point"",""coordinates"":[-122.451725,37.7277894]}",St. Francis of the Guns
"Bufano, Beniamino","{""type"":""Point"",""coordinates"":[-122.4319047,37.7640543]}",Torso
"Bufano, Beniamino","{""type"":""Point"",""coordinates"":[-122.4802906,37.7146289]}",Peace
"Bufano, Beniamino","{""type"":""Point"",""coordinates"":[-122.423905,37.80637600000001]}",Frog
"Bufano, Beniamino","{""type"":""Point"",""coordinates"":[-122.4233043,37.7665965]}",Two Sea Lions
"Bufano, Beniamino","{""type"":""Point"",""coordinates"":[-122.3778015,37.8252754]}",Horse and Rider (St. Francis on Horseback)
"Bufano, Beniamino","{""type"":""Point"",""coordinates"":[-122.4792744,37.7238942]}",Head of St.Francis
"Bufano, Beniamino","{""type"":""Point"",""coordinates"":[-122.4233043,37.7665965]}",Cat
"Bufano, Beniamino","{""type"":""Point"",""coordinates"":[-122.423905,37.80637600000001]}",Seal
"Bufano, Beniamino","{""type"":""Point"",""coordinates"":[-122.4044431,37.7557795]}",Madonna
"Bufano, Beniamino","{""type"":""Point"",""coordinates"":[-122.4233043,37.7665965]}",Butterfly
"Bufano, Beniamino","{""type"":""Point"",""coordinates"":[-122.4233043,37.7665965]}",Cat and Mouse
"Bufano, Beniamino","{""type"":""Point"",""coordinates"":[-122.398337,37.7970899]}",Penguins
"Bullock, George","{""type"":""Point"",""coordinates"":[-122.4671799,37.76887809999999]}",William Shakespeare
"Buster, Kendall","{""type"":""Point"",""coordinates"":[-122.389979,37.615223]}",Topograph
"Butterfield, Deborah","{""type"":""Point"",""coordinates"":[-122.389979,37.615223]}",Pohina
"Carey, Michael","{""type"":""Point"",""coordinates"":[-122.4649463,37.7516878]}",Woman with Birds
"Carnwath, Squeak","{""type"":""Point"",""coordinates"":[-122.389979,37.615223]}","Fly, Flight, Fugit"
"Carpenter, James","{""type"":""Point"",""coordinates"":[-122.389979,37.615223]}",Sculptural Light Reflectors
"Carter, Dudley C.","{""type"":""Point"",""coordinates"":[-122.451725,37.7277894]}",Goddess of the Forest
"Catalusci, Robert","{""type"":""Point"",""coordinates"":[-122.393207,37.756677]}",Untitled
"Cervantes, Morales and Poethig","{""type"":""Point"",""coordinates"":[-122.45221,37.7458728]}",Roots and Branches
"Chagoya, Enrique","{""type"":""Point"",""coordinates"":[-122.4596396,37.7243765]}",Authors of Latin American Roots
"Chagoya, Enrique","{""type"":""Point"",""coordinates"":[-122.389979,37.615223]}",Love Letters
"Chamberlain, Ann","{""type"":""Point"",""coordinates"":[-122.4044431,37.7557795]}",Untitled Photographic Images
"Chamberlain, Ann and Hamilton, Ann","{""type"":""Point"",""coordinates"":[-122.415783,37.778864]}",Untitled
"Chamberlain, Ann and Ho0d, Walter","{""type"":""Point"",""coordinates"":[-122.3945938,37.7948985]}",Abraham Lincoln Brigade National Monument
"Chamberlain, Ann and Lubell, Bernie","{""type"":""Point"",""coordinates"":[-122.4556651,37.7478586]}",Earth
"Chamberlain, Ann and Lubell, Bernie","{""type"":""Point"",""coordinates"":[-122.4556651,37.7478586]}",Untitled
"Chamberlain, Ann and Lubell, Bernie","{""type"":""Point"",""coordinates"":[-122.4556651,37.7478586]}",Water
"Chamberlain, Ann and Lubell, Bernie","{""type"":""Point"",""coordinates"":[-122.4556651,37.7478586]}",Untitled
"Chamberlain, Ann and Lubell, Bernie","{""type"":""Point"",""coordinates"":[-122.4556651,37.7478586]}","Earth, Air, Fire, Water"
"Chamberlain, Ann and Lubell, Bernie","{""type"":""Point"",""coordinates"":[-122.4556651,37.7478586]}",Air
"Chamberlain, Ann and Lubell, Bernie","{""type"":""Point"",""coordinates"":[-122.4556651,37.7478586]}",Fire
"Chamberlain, Ann and Lubell, Bernie","{""type"":""Point"",""coordinates"":[-122.4556651,37.7478586]}",Earth
"Chamberlain, Ann and Lubell, Bernie","{""type"":""Point"",""coordinates"":[-122.4556651,37.7478586]}",Water
"Chamberlain, Ann and Lubell, Bernie","{""type"":""Point"",""coordinates"":[-122.4556651,37.7478586]}",Fire
"Chamberlain, Ann and Lubell, Bernie","{""type"":""Point"",""coordinates"":[-122.4556651,37.7478586]}",Air
"Champagne, Lee Roy","{""type"":""Point"",""coordinates"":[-122.4360411,37.7998069]}",The Grail
"Cheng, Carl","{""type"":""Point"",""coordinates"":[-122.403768,37.775252]}",Heliostats
"Chesse, Ralph A.","{""type"":""Point"",""coordinates"":[-122.4058194,37.8023686]}",Children at Play
"Choi, Man Lin","{""type"":""Point"",""coordinates"":[-122.3916833,37.795664]}",Movement: The First 100 Years
"Chomenko, Mary","{""type"":""Point"",""coordinates"":[-122.5079516,37.749111]}",Ocean Beach Fossil
"Collins, Goto, Reiko","{""type"":""Point"",""coordinates"":[-122.4194155,37.7749295]}",Aqua Pura
"Concha, Jerry","{""type"":""Point"",""coordinates"":[-122.4044431,37.7557795]}",Roof Mural
"Connor, Gerome","{""type"":""Point"",""coordinates"":[-122.4666711,37.7703537]}",Robert Emmet (1778-1803)
"Conrads, Carl H.","{""type"":""Point"",""coordinates"":[-122.4835193,37.76904]}",General Henry W. Halleck (1815-1872)
"Corliss, Troy","{""type"":""Point"",""coordinates"":[-122.4278691,37.7424244]}",Noe Valley Natives
"Coullaut-Valera, Frederico","{""type"":""Point"",""coordinates"":[-122.4835175,37.6986166]}",Statue of King Carlos III
"Cravath, Dorothy and Forbes, Helen","{""type"":""Point"",""coordinates"":[-122.5049211,37.7336173]}",Noah's Ark
"Cravath, Ruth Wakefield","{""type"":""Point"",""coordinates"":[-122.4184094,37.7793133]}",Mayor Alioto
"Cravath, Ruth Wakefield","{""type"":""Point"",""coordinates"":[-122.3876578,37.7138806]}",Saint Francis
"Cravath, Ruth Wakefield","{""type"":""Point"",""coordinates"":[-122.4184094,37.7793133]}",Angelo J. Rossi (1878-1948)
"Cronin, Don","{""type"":""Point"",""coordinates"":[-122.4184094,37.7793133]}",Bust of Michael M. O'Shaugnessy
"Crumpler, Dewey","{""type"":""Point"",""coordinates"":[-122.389979,37.615223]}",Untitled
"Crutcher, Colette and Barr, Aileen","{""type"":""Point"",""coordinates"":[-122.4737841,37.7618763]}",16th Avenue Tiled Steps Project
Crutcher/Roller,"{""type"":""Point"",""coordinates"":[-122.4799043,37.7213122]}",Art Panel
Crutcher/Roller,"{""type"":""Point"",""coordinates"":[-122.4659468,37.7142194]}",Art Panels
Crutcher/Roller,"{""type"":""Point"",""coordinates"":[-122.4799043,37.7213122]}",Art Panel
"Cummings, M. Earl","{""type"":""Point"",""coordinates"":[-122.4754828,37.7411866]}",Carl G. Larsen
"Cummings, M. Earl","{""type"":""Point"",""coordinates"":[-122.4666711,37.7703537]}",Rideout Fountain
"Cummings, M. Earl","{""type"":""Point"",""coordinates"":[-122.473305,37.7715966]}",Doughboy
"Cummings, M. Earl","{""type"":""Point"",""coordinates"":[-122.4666711,37.7703537]}",Pool of Enchantment
"Cummings, M. Earl","{""type"":""Point"",""coordinates"":[-122.4658805,37.7734009]}",Bear and Lion
"Cummings, M. Earl","{""type"":""Point"",""coordinates"":[-122.4835193,37.76904]}",Robert Burns (1759-1796)
"Cummings, M. Earl","{""type"":""Point"",""coordinates"":[-122.4116033,37.7898163]}",Dennis T. Sullivan (1852-1906) Plaque
"Cummings, M. Earl","{""type"":""Point"",""coordinates"":[-122.4666711,37.7703537]}",Sun Dial
"Cummings, M. Earl","{""type"":""Point"",""coordinates"":[-122.4109539,37.8008791]}",Man Drinking Water
"Cummings, M. Earl","{""type"":""Point"",""coordinates"":[-122.4835193,37.76904]}",John McLaren (1846-1943)
"Cuneo, Rinaldo","{""type"":""Point"",""coordinates"":[-122.4058194,37.8023686]}",Bay Area Hills
"Cunningham, Ben F.","{""type"":""Point"",""coordinates"":[-122.4058194,37.8023686]}",Outdoor Life
"Daub, Firmin, Hendrickson Sculpture Group","{""type"":""Point"",""coordinates"":[-122.4184094,37.7793133]}",Harvey Milk Commemorative Bust
"Davis, Michael and Schwartzenberg, Susan","{""type"":""Point"",""coordinates"":[-122.4347522,37.7694087]}","Homage to the Amateur; The American Dream, A Tribute to Harvey Milk; Bio/Obscura"
"Davis, Ron","{""type"":""Point"",""coordinates"":[-122.389979,37.615223]}",Twin Wave
"Davis, Ron","{""type"":""Point"",""coordinates"":[-122.389979,37.615223]}",Wide Wave
"Dean, Mallette (Harold)","{""type"":""Point"",""coordinates"":[-122.4058194,37.8023686]}",Stockbroker and Scientist-Inventor
"Defeo, Jay","{""type"":""Point"",""coordinates"":[-122.467485,37.771673]}",Loop Series 4: Masquerade in Black
"DeForest, Roy","{""type"":""Point"",""coordinates"":[-122.389979,37.615223]}",Homage to Zane Grey
"Demetrios, Aristedes","{""type"":""Point"",""coordinates"":[-122.464215,37.7798186]}",Red Gothic
"Demetrios, Aristides","{""type"":""Point"",""coordinates"":[-122.451725,37.7277894]}",Sentinels
"deSoto, Lewis","{""type"":""Point"",""coordinates"":[-122.4556651,37.7478586]}",1994: Staff and Residentes Celebrate the Rededication of the Bell Tower
"deSoto, Lewis","{""type"":""Point"",""coordinates"":[-122.4556651,37.7478586]}",1974-1977: Gerald Simon Theater Entertains the Community
"deSoto, Lewis","{""type"":""Point"",""coordinates"":[-122.389979,37.615223]}",On The Air
"deSoto, Lewis","{""type"":""Point"",""coordinates"":[-122.4556651,37.7478586]}",1949-1958: Community Activities at Laguna Honda
"deSoto, Lewis","{""type"":""Point"",""coordinates"":[-122.4556651,37.7478586]}",1999: Proposition A for the Laguna Honda Project Gets 73% Voter Approval
"deSoto, Lewis","{""type"":""Point"",""coordinates"":[-122.4556651,37.7478586]}",1947-1954: University of California . . .
"deSoto, Lewis","{""type"":""Point"",""coordinates"":[-122.4556651,37.7478586]}",1990-2000: Volunteers Contribute to Life at Laguna Honda
"deSoto, Lewis","{""type"":""Point"",""coordinates"":[-122.389979,37.615223]}","Shining Paths,San Francisco Sister Cities"
"deSoto, Lewis","{""type"":""Point"",""coordinates"":[-122.41883,37.780382]}",Jury Assembly Room
"deSoto, Lewis","{""type"":""Point"",""coordinates"":[-122.4556651,37.7478586]}",Woven
"deSoto, Lewis","{""type"":""Point"",""coordinates"":[-122.4556651,37.7478586]}",1929-1941: Patient Care During the Great Depression
"deSoto, Lewis","{""type"":""Point"",""coordinates"":[-122.4556651,37.7478586]}",1909: President Theodore Roosevelt Visits the Relief Home at Laguna Honda
"deSoto, Lewis","{""type"":""Point"",""coordinates"":[-122.4556651,37.7478586]}",1908: The Construction of Clarendon Hall
"deSoto, Lewis","{""type"":""Point"",""coordinates"":[-122.4556651,37.7478586]}","1926: Mayor James Rolf, Jr. Dedicates the Laguna Honda Main Hospital Building"
"deSoto, Lewis","{""type"":""Point"",""coordinates"":[-122.4556651,37.7478586]}","1947-1954: University of California, San Francisco . . ."
"deSoto, Lewis","{""type"":""Point"",""coordinates"":[-122.4556651,37.7478586]}",1929-1941: Patient Care During the Great Depression
"deSoto, Lewis","{""type"":""Point"",""coordinates"":[-122.4556651,37.7478586]}",1949-1958: Community Activities at Laguna Honda
"deSoto, Lewis","{""type"":""Point"",""coordinates"":[-122.4556651,37.7478586]}",1865-1906: The Foundation of the Almshouse and Relief Home at Laguna Honda
"deSoto, Lewis","{""type"":""Point"",""coordinates"":[-122.4556651,37.7478586]}","1934-1954-1982: Glen Wessel's Murals are Created, Lost and Rediscovered"
"deSoto, Lewis","{""type"":""Point"",""coordinates"":[-122.4556651,37.7478586]}",1908: The Construction of Clarendon Hall
"deSoto, Lewis","{""type"":""Point"",""coordinates"":[-122.4556651,37.7478586]}","1954-1997: Virginia Leishman, Nursing Director"
"DeStaebler, Stephen","{""type"":""Point"",""coordinates"":[-122.451725,37.7277894]}",Fireplace and Hood
"DeStaebler, Stephen","{""type"":""Point"",""coordinates"":[-122.3994074,37.784337]}",Man with Flame
"Deutsch, Richard","{""type"":""Point"",""coordinates"":[-122.5069516,37.7416749]}",Propeller
"Di Colbertaldo, Vittorio","{""type"":""Point"",""coordinates"":[-122.40587,37.802409]}",Christopher Columbus
"Di Suvero, Mark","{""type"":""Point"",""coordinates"":[-122.417975,37.776651]}",Sea Change
"Diebenkorn, Richard","{""type"":""Point"",""coordinates"":[-122.389979,37.615223]}",Untitled
"Diebenkorn, Richard","{""type"":""Point"",""coordinates"":[-122.389979,37.615223]}",Untitled
"Diebenkorn, Richard","{""type"":""Point"",""coordinates"":[-122.389979,37.615223]}",Untitled
"Diebenkorn, Richard","{""type"":""Point"",""coordinates"":[-122.389979,37.615223]}",Untitled
"Dill, Laddie John","{""type"":""Point"",""coordinates"":[-122.389979,37.615223]}",Untitled
"Dine, Jim","{""type"":""Point"",""coordinates"":[-122.4194155,37.7749295]}",Venus with Rope
"Dixon, Maynard","{""type"":""Point"",""coordinates"":[-122.4194155,37.7749295]}",Landscape
"Dixon, Willard","{""type"":""Point"",""coordinates"":[-122.389979,37.615223]}",Above Bolinas
"Dixon, Willard","{""type"":""Point"",""coordinates"":[-122.389979,37.615223]}",Death Valley II
"Donahue, Marcia","{""type"":""Point"",""coordinates"":[-122.4194155,37.7749295]}",Five Carved Stones
"Donahue, Scott","{""type"":""Point"",""coordinates"":[-122.4194155,37.7749295]}","Kate, Allan, Javier, Ting, Sloanie"
"Donahue, Scott","{""type"":""Point"",""coordinates"":[-122.467743,37.78187]}",Untitled [Richmond Library]
"Donahue, Scott","{""type"":""Point"",""coordinates"":[-122.451011,37.7701867]}",To This Place
"Dore, Paul Gustave","{""type"":""Point"",""coordinates"":[-122.4666711,37.7703537]}",La poeme de la vigne
"Downie, Romana Anzi","{""type"":""Point"",""coordinates"":[-122.415783,37.778864]}",Bust of George Moscone
"Dvortcsak, Michael","{""type"":""Point"",""coordinates"":[-122.389979,37.615223]}",Sublimens
"Dwyer, Gary","{""type"":""Point"",""coordinates"":[-122.4194155,37.7749295]}",Seven Dancing Stones and Seven Dancing Stars Stories
"Echelman, Janet","{""type"":""Point"",""coordinates"":[-122.389979,37.615223]}",Untitled [T-2 interior]
"Edstrom, David","{""type"":""Point"",""coordinates"":[-122.4556651,37.7478586]}",Florence Nightingale (1820-1910)
"Elliott, Lillian","{""type"":""Point"",""coordinates"":[-122.4194155,37.7749295]}",Untitled
"Erckenbrack, Mary E.","{""type"":""Point"",""coordinates"":[-122.4348103,37.7842191]}",Ceramic Mural on Athletics
"Eversley, Frederick","{""type"":""Point"",""coordinates"":[-122.389979,37.615223]}",Untitled
"Fernandez, Rudy","{""type"":""Point"",""coordinates"":[-122.412999,37.75820100000001]}",Mission Triptych #3
"Fernandez, Rudy","{""type"":""Point"",""coordinates"":[-122.412999,37.75820100000001]}",Mission Triptych #2
Fine and McCarren,"{""type"":""Point"",""coordinates"":[-122.5049211,37.7336173]}",Split Mound
"Finneran, Bean","{""type"":""Point"",""coordinates"":[-122.4194155,37.7749295]}",Untitled
"Fischer, R. M.","{""type"":""Point"",""coordinates"":[-122.4075,37.7880556]}",Union Square Colomnade
"Fleming, Alan","{""type"":""Point"",""coordinates"":[-122.4194155,37.7749295]}",Kezar Stadium Gates
"Fletcher, Harrell and Rubin, John","{""type"":""Point"",""coordinates"":[-122.4094682,37.7984339]}","Photos of People from the Neighborhood Enlarged and Attached to the Building, an"
"Fletcher, Harrell and Rubin, John","{""type"":""Point"",""coordinates"":[-122.4094682,37.7984339]}","Photos of People from the Neighborhood Enlarged and Attached to the Building, an"
"Fletcher, Harrell and Rubin, John","{""type"":""Point"",""coordinates"":[-122.4094682,37.7984339]}","Photos of People from the Neighborhood Enlarged and Attached to the Building, an"
"Fletcher, Harrell and Rubin, John","{""type"":""Point"",""coordinates"":[-122.4094682,37.7984339]}","Photos of People from the Neighborhood Enlarged and Attached to the Building, an"
"Fletcher, Harrell and Rubin, John","{""type"":""Point"",""coordinates"":[-122.4094682,37.7984339]}","""Stenciled Fortunes"" within ""Photos of People from the Neighborhood enlarged and"
"Fletcher, Harrell and Rubin, John","{""type"":""Point"",""coordinates"":[-122.4094682,37.7984339]}","Photos of People from the Neighborhood Enlarged and Attached to the Building, an"
"Fletcher, Harrell and Rubin, John","{""type"":""Point"",""coordinates"":[-122.4094682,37.7984339]}","Photos of People from the Neighborhood Enlarged and Attached to the Building, an"
"Fletcher, Harrell and Rubin, John","{""type"":""Point"",""coordinates"":[-122.4094682,37.7984339]}","Photos of People from the Neighborhood Enlarged and Attached to the Building, an"
"Fletcher, Harrell and Rubin, John","{""type"":""Point"",""coordinates"":[-122.4094682,37.7984339]}","Photos of People from the Neighborhood Enlarged and Attached to the Building, an"
"Fletcher, Harrell and Rubin, John","{""type"":""Point"",""coordinates"":[-122.4094682,37.7984339]}","Photos of People From the Neighborhood Enlarged and Attached to the Building, an"
"Fletcher, Harrell and Rubin, John","{""type"":""Point"",""coordinates"":[-122.4094682,37.7984339]}","Photos of People From the Neighborhood Enlarged and Attached to the Building, an"
"Fletcher, Harrell and Rubin, John","{""type"":""Point"",""coordinates"":[-122.4094682,37.7984339]}","Photos of People from the Neighborhood Enlarged and Attached to the Building, an"
"Fletcher, Harrell and Rubin, John","{""type"":""Point"",""coordinates"":[-122.4094682,37.7984339]}","Photos of People from the Neighborhood Enlarged and Attached to the Building, an"
"Fletcher, Harrell and Rubin, John","{""type"":""Point"",""coordinates"":[-122.4094682,37.7984339]}","Photos of People from the Neighborhood Enlarged and Attached to the Building, an"
"Francis, Sam","{""type"":""Point"",""coordinates"":[-122.389979,37.615223]}",Untitled
"French, Daniel Chester","{""type"":""Point"",""coordinates"":[-122.4666711,37.7703537]}",Thomas Starr King (1824-1864)
"Frey, Viola","{""type"":""Point"",""coordinates"":[-122.389979,37.615223]}",World Civilization
"Frey, Viola","{""type"":""Point"",""coordinates"":[-122.433021,37.801262]}",Exterior/Interior (Studio View)
"Fuller (Mcchesney), Mary","{""type"":""Point"",""coordinates"":[-122.4048688,37.7947175]}",Lion
"Fuller (Mcchesney), Mary","{""type"":""Point"",""coordinates"":[-122.4048688,37.7947175]}",Serpent
"Fuller (Mcchesney), Mary","{""type"":""Point"",""coordinates"":[-122.4048688,37.7947175]}",Untitled
"Fuller (Mcchesney), Mary","{""type"":""Point"",""coordinates"":[-122.4048688,37.7947175]}",Dragon
"Fuller (Mcchesney), Mary","{""type"":""Point"",""coordinates"":[-122.4048688,37.7947175]}",Lion
"Fuller (Mcchesney), Mary","{""type"":""Point"",""coordinates"":[-122.4048688,37.7947175]}",Benches
"Fuller (Mcchesney), Mary","{""type"":""Point"",""coordinates"":[-122.4048688,37.7947175]}",Monkey
"Fuller (Mcchesney), Mary","{""type"":""Point"",""coordinates"":[-122.4048688,37.7947175]}",Rabbit
"Fuller (Mcchesney), Mary","{""type"":""Point"",""coordinates"":[-122.4048688,37.7947175]}",Serpent Wall
"Fuller (Mcchesney), Mary","{""type"":""Point"",""coordinates"":[-122.4048688,37.7947175]}",Ram
"Fuller (Mcchesney), Mary","{""type"":""Point"",""coordinates"":[-122.4048688,37.7947175]}","Tiger, Ram, Serpent, Monkey, Rabbit, Dragon"
"Fuller, Mary","{""type"":""Point"",""coordinates"":[-122.5061246,37.7355641]}","Earth, Air, Sea"
"Fuller, Mary","{""type"":""Point"",""coordinates"":[-122.4044431,37.7557795]}",Dos Liones
"Garcia, Rupert","{""type"":""Point"",""coordinates"":[-122.389979,37.615223]}",Bird Technology
"Garten, Cliff","{""type"":""Point"",""coordinates"":[-122.4556651,37.7478586]}",Laguna Line (The Possibility of the Everyday)
"Garza, Carmen Lomas","{""type"":""Point"",""coordinates"":[-122.4194155,37.7749295]}",The History of Northern California Water
"Garza, Carmen Lomas","{""type"":""Point"",""coordinates"":[-122.4194155,37.7749295]}",The History of Northern California Water
"Garza, Carmen Lomas","{""type"":""Point"",""coordinates"":[-122.4194155,37.7749295]}",The History of Northern California Water
"Garza, Carmen Lomas","{""type"":""Point"",""coordinates"":[-122.4194155,37.7749295]}",The History of Northern California Water
"Garza, Carmen Lomas","{""type"":""Point"",""coordinates"":[-122.4194155,37.7749295]}",The History of Northern California Water
"Garza, Carmen Lomas","{""type"":""Point"",""coordinates"":[-122.4194155,37.7749295]}",The History of Northern California Water
"Garza, Carmen Lomas","{""type"":""Point"",""coordinates"":[-122.4194155,37.7749295]}",The History of Northern California Water
"Garza, Carmen Lomas","{""type"":""Point"",""coordinates"":[-122.389979,37.615223]}",Baile!
"Garza, Carmen Lomas","{""type"":""Point"",""coordinates"":[-122.4194155,37.7749295]}",The History of Northern California Water
"Geefs, Guillaume","{""type"":""Point"",""coordinates"":[-122.4666711,37.7703537]}",Leonitus (Roman Gladiator)
"Genn, Nancy","{""type"":""Point"",""coordinates"":[-122.389979,37.615223]}",Evora 16
"Gilliam, Sam","{""type"":""Point"",""coordinates"":[-122.4194155,37.7749295]}",Tholos Across
"Gillman, Steve","{""type"":""Point"",""coordinates"":[-122.3880306,37.7869956]}",Bay Bench
"Gillman, Steve","{""type"":""Point"",""coordinates"":[-122.3880306,37.7869956]}",Bay Bench
"Gillman, Steve","{""type"":""Point"",""coordinates"":[-122.3880306,37.7869956]}",Bay Bench
"Gillman, Steve and Keefer, Katherine","{""type"":""Point"",""coordinates"":[-122.415717,37.712643]}",The Swimmers
"Glatt, Linnea","{""type"":""Point"",""coordinates"":[-122.4556651,37.7478586]}",Re-connection/Re-cognition
"Goggin, Brian","{""type"":""Point"",""coordinates"":[-122.4209034,37.7440438]}",Bed
"Goggin, Brian","{""type"":""Point"",""coordinates"":[-122.4198851,37.7456473]}",Grow
"Goggin, Brian","{""type"":""Point"",""coordinates"":[-122.4198851,37.7456473]}",Eat
"Goggin, Brian","{""type"":""Point"",""coordinates"":[-122.4198851,37.7456473]}",Feed
"Goggin, Brian","{""type"":""Point"",""coordinates"":[-122.4191378,37.7467769]}",Ballast
"Goggin, Brian","{""type"":""Point"",""coordinates"":[-122.4228311,37.7410238]}",Switch
"Goggin, Brian","{""type"":""Point"",""coordinates"":[-122.4194155,37.7749295]}",Pavers
"Goggin, Brian","{""type"":""Point"",""coordinates"":[-122.4183776,37.7514492]}",Road
"Goggin, Brian","{""type"":""Point"",""coordinates"":[-122.4220004,37.742354]}",Others
"Goggin, Brian","{""type"":""Point"",""coordinates"":[-122.4214819,37.7431399]}",Hunt
"Goggin, Brian and Keehn, Dorka","{""type"":""Point"",""coordinates"":[-122.4067221,37.7978885]}",Language of the Birds
"Goldberg, Jim and Rubin, Jon","{""type"":""Point"",""coordinates"":[-122.4194155,37.7749295]}",Imagine Even More
"Gonzales, George","{""type"":""Point"",""coordinates"":[-122.4044431,37.7557795]}",Wu Xing Pavilion
"Gonzalez, Arthur","{""type"":""Point"",""coordinates"":[-122.4194155,37.7749295]}",Peaceable Kingdom
"Gordin, Sidney","{""type"":""Point"",""coordinates"":[-122.4194155,37.7749295]}",Untitled
"Gordon, David and Shum, Hilda","{""type"":""Point"",""coordinates"":[-122.4044431,37.7557795]}",Column Vistas
"Grafly, Charles","{""type"":""Point"",""coordinates"":[-122.4738817,37.771224]}",Pioneer Mother
"Graham, Cecelia","{""type"":""Point"",""coordinates"":[-122.4194155,37.7749295]}",The Dolphins
"Graham, Gary W.","{""type"":""Point"",""coordinates"":[-122.4194155,37.7749295]}",Police Shield
"Greber, Henri Leon","{""type"":""Point"",""coordinates"":[-122.4122163,37.792033]}",Dancing Sprites
"Grieve, Mark and Spector, Ilana","{""type"":""Point"",""coordinates"":[-122.4194155,37.7749295]}",Untitled 
"Grossoni, Orazio","{""type"":""Point"",""coordinates"":[-122.4194155,37.7749295]}",Giuseppe Verdi
"Hall, Diane Andrews","{""type"":""Point"",""coordinates"":[-122.4556651,37.7478586]}",Untitled [tapestries]
"Hall, Diane Andrews","{""type"":""Point"",""coordinates"":[-122.4556651,37.7478586]}",Rollers
"Hall, Diane Andrews","{""type"":""Point"",""coordinates"":[-122.4556651,37.7478586]}",Goldfinch with Zinnia 2
"Hall, Diane Andrews","{""type"":""Point"",""coordinates"":[-122.4556651,37.7478586]}",Goldfinch 5
"Hall, Diane Andrews","{""type"":""Point"",""coordinates"":[-122.4556651,37.7478586]}",Bird and Poem
"Hall, Diane Andrews","{""type"":""Point"",""coordinates"":[-122.4556651,37.7478586]}",Swelling Cumulus
"Hall, Diane Andrews","{""type"":""Point"",""coordinates"":[-122.4556651,37.7478586]}",Morning Light 2
"Hall, Diane Andrews","{""type"":""Point"",""coordinates"":[-122.4556651,37.7478586]}",Hermit Thrush 2
"Hall, Parker","{""type"":""Point"",""coordinates"":[-122.4058194,37.8023686]}",Collegiate Sports
"Halprin, Lawrence","{""type"":""Point"",""coordinates"":[-122.4136322,37.779985]}",United Nations Plaza Fountain
"Hamlin, Edith","{""type"":""Point"",""coordinates"":[-122.389979,37.615223]}",Map for the Pacific and Orient Steamship Lines
"Hamlin, Edith","{""type"":""Point"",""coordinates"":[-122.4058194,37.8023686]}",Hunting in California
"Happersberger, Frank","{""type"":""Point"",""coordinates"":[-122.4194155,37.7749295]}",James A. Garfield (1831-1881)
"Happersberger, Frank","{""type"":""Point"",""coordinates"":[-122.4194155,37.7749295]}",Pioneer Monument  (James Lick Monument)
"Haring, Keith","{""type"":""Point"",""coordinates"":[-122.433021,37.801262]}",Untitled (Three Dancing Figures)
"Harris, George","{""type"":""Point"",""coordinates"":[-122.4058194,37.8023686]}",Banking and the Law
"Hasson, Bruce","{""type"":""Point"",""coordinates"":[-122.4122163,37.7842914]}",Ark (or Ark San Francisco)
"Hasson, Bruce","{""type"":""Point"",""coordinates"":[-122.4194155,37.7749295]}",Trolleys
"Heavenston, Martha","{""type"":""Point"",""coordinates"":[-122.415637,37.784791]}",a) Dancing in the Sea of Milk (woman); and b) African King with Animal Power (ma
"Heavenston, Martha","{""type"":""Point"",""coordinates"":[-122.4194155,37.7749295]}",A World View
"Hedrick, Wally","{""type"":""Point"",""coordinates"":[-122.389979,37.615223]}","17th December, 1903"
"Heffernon, Gerald","{""type"":""Point"",""coordinates"":[-122.4556651,37.7478586]}",Rabbinoid on Cell Phone
"Hesthal, William","{""type"":""Point"",""coordinates"":[-122.4058194,37.8023686]}",Railroad and Shipping
"Hesthal, William","{""type"":""Point"",""coordinates"":[-122.4194155,37.7749295]}",Untitled
"Hiramoto, Judy","{""type"":""Point"",""coordinates"":[-122.412999,37.75820100000001]}",Animal Hopscotch
"Hoefer, Wade","{""type"":""Point"",""coordinates"":[-122.389979,37.615223]}",The Peasant's Parade
"Hoff, Terry","{""type"":""Point"",""coordinates"":[-122.4556651,37.7478586]}",Untitled
"Hoff, Terry","{""type"":""Point"",""coordinates"":[-122.4556651,37.7478586]}",Untitled
"Hoff, Terry","{""type"":""Point"",""coordinates"":[-122.4556651,37.7478586]}",Untitled
"Hoff, Terry","{""type"":""Point"",""coordinates"":[-122.4556651,37.7478586]}",Untitled (Chalkboards)
"Hoff, Terry","{""type"":""Point"",""coordinates"":[-122.4556651,37.7478586]}",Untitled (Chalkboards)
"Hoff, Terry","{""type"":""Point"",""coordinates"":[-122.4556651,37.7478586]}",Untitled
"Hoff, Terry","{""type"":""Point"",""coordinates"":[-122.4556651,37.7478586]}",Untitled
"Hoff, Terry","{""type"":""Point"",""coordinates"":[-122.4556651,37.7478586]}",Untitled (Chalkboards)
"Hoff, Terry","{""type"":""Point"",""coordinates"":[-122.4556651,37.7478586]}",Untitled (Chalkboards)
"Hoff, Terry","{""type"":""Point"",""coordinates"":[-122.4556651,37.7478586]}",Untitled (Chalkboards)
"Hoff, Terry","{""type"":""Point"",""coordinates"":[-122.4556651,37.7478586]}",Untitled (Chalkboards)
"Hoff, Terry","{""type"":""Point"",""coordinates"":[-122.4556651,37.7478586]}",Untitled
"Hoff, Terry","{""type"":""Point"",""coordinates"":[-122.4556651,37.7478586]}",It's Always Time for Flowers
"Hoff, Terry","{""type"":""Point"",""coordinates"":[-122.4556651,37.7478586]}",Untitled (Chalkboard)
"Hoff, Terry","{""type"":""Point"",""coordinates"":[-122.4556651,37.7478586]}",It's Always Time for Flowers
"Holland, Tom","{""type"":""Point"",""coordinates"":[-122.4194155,37.7749295]}",Morengo
"Hollis, Douglas","{""type"":""Point"",""coordinates"":[-122.4194155,37.7749295]}",Ceramic Frit Windows and Mechanical Screens
"Houdon, Jean Antoine","{""type"":""Point"",""coordinates"":[-122.491083,37.7774299]}",George Washington
"Howard, John Langley","{""type"":""Point"",""coordinates"":[-122.4058194,37.8023686]}",California Industrial Scenes
"Howard, Mildred","{""type"":""Point"",""coordinates"":[-122.389979,37.615223]}",Salt Peanuts
"Howard, Robert B.","{""type"":""Point"",""coordinates"":[-122.451725,37.7277894]}",Whales
"Hsu, Joyce","{""type"":""Point"",""coordinates"":[-122.389979,37.615223]}",Namoo House
"Hsu, Joyce","{""type"":""Point"",""coordinates"":[-122.4194155,37.7749295]}",Incomplete Metamorphosis
"Huang, Arlan","{""type"":""Point"",""coordinates"":[-122.4556651,37.7478586]}",Untitled [glass panels]
"Huang, Arlan","{""type"":""Point"",""coordinates"":[-122.4556651,37.7478586]}",Untitled
"Huang, Arlan","{""type"":""Point"",""coordinates"":[-122.4556651,37.7478586]}",Untitled
"Huang, Arlan","{""type"":""Point"",""coordinates"":[-122.4556651,37.7478586]}",Untitled
"Huang, Arlan","{""type"":""Point"",""coordinates"":[-122.4556651,37.7478586]}",Untitled [glass panels]
"Huang, Arlan","{""type"":""Point"",""coordinates"":[-122.4556651,37.7478586]}",Untitled [glass block windows]
"Huang, Arlan","{""type"":""Point"",""coordinates"":[-122.4556651,37.7478586]}",Untitled [glass panels]
"Huang, Arlan","{""type"":""Point"",""coordinates"":[-122.4556651,37.7478586]}",Untitled
"Huang, Arlan","{""type"":""Point"",""coordinates"":[-122.4556651,37.7478586]}",Untitled [glass panels]
"Huang, Arlan","{""type"":""Point"",""coordinates"":[-122.4556651,37.7478586]}",Untitled [glass panels]
"Huang, Arlan","{""type"":""Point"",""coordinates"":[-122.4556651,37.7478586]}",Untitled [glass panels]
"Huang, Arlan","{""type"":""Point"",""coordinates"":[-122.4556651,37.7478586]}",Untitled [glass panels]
"Huang, Arlan","{""type"":""Point"",""coordinates"":[-122.4556651,37.7478586]}",Untitled [glass panels]
"Huang, Arlan","{""type"":""Point"",""coordinates"":[-122.4556651,37.7478586]}",Untitled [glass panels]
"Huang, Arlan","{""type"":""Point"",""coordinates"":[-122.4556651,37.7478586]}",Untitled [glass panels]
"Huang, Arlan","{""type"":""Point"",""coordinates"":[-122.4556651,37.7478586]}",Untitled [glass panels]
"Hudson, Robert","{""type"":""Point"",""coordinates"":[-122.389979,37.615223]}",A Horse of Another Color
"Hung, Su-Chen","{""type"":""Point"",""coordinates"":[-122.389979,37.615223]}",Welcome
Hunter and Ghidini,"{""type"":""Point"",""coordinates"":[-122.4194155,37.7749295]}",19th Avenue Shelter at Winston Drive
Hunter and Ghidini,"{""type"":""Point"",""coordinates"":[-122.4194155,37.7749295]}",19th Avenue Shelter at Holloway Avenue
"Huntington, Clara","{""type"":""Point"",""coordinates"":[-122.4194155,37.7749295]}",St. Francis of Assisi (Feeding the Birds)
"Igarashi, Takenobu","{""type"":""Point"",""coordinates"":[-122.4556651,37.7478586]}",Landscape
"Igarashi, Takenobu","{""type"":""Point"",""coordinates"":[-122.4556651,37.7478586]}",Landscape
"Igarashi, Takenobu","{""type"":""Point"",""coordinates"":[-122.4556651,37.7478586]}",Untitled [ceramic relief]
"Igarashi, Takenobu","{""type"":""Point"",""coordinates"":[-122.4556651,37.7478586]}",Untitled [wood relief]
"Igarashi, Takenobu","{""type"":""Point"",""coordinates"":[-122.4556651,37.7478586]}",Untitled [wood relief]
"Igarashi, Takenobu","{""type"":""Point"",""coordinates"":[-122.4556651,37.7478586]}",Untitled [wood relief]
"Igarashi, Takenobu","{""type"":""Point"",""coordinates"":[-122.4556651,37.7478586]}",Horizontal Feeling
"Igarashi, Takenobu","{""type"":""Point"",""coordinates"":[-122.4556651,37.7478586]}",Untitled [ceramic relief]
"Igarashi, Takenobu","{""type"":""Point"",""coordinates"":[-122.4556651,37.7478586]}",Untitled [ceramic relief]
"Igarashi, Takenobu","{""type"":""Point"",""coordinates"":[-122.4556651,37.7478586]}",Sky Dancing
"Igarashi, Takenobu","{""type"":""Point"",""coordinates"":[-122.4556651,37.7478586]}",Untitled [wood relief]
"Ilyin, Peter","{""type"":""Point"",""coordinates"":[-122.404786,37.792778]}",Untitled Mural
"Ilyin, Peter","{""type"":""Point"",""coordinates"":[-122.404786,37.792778]}",Untitled Mural
"Jauchen, Hans","{""type"":""Point"",""coordinates"":[-122.5108707,37.7704354]}",Roald Amundsen (1872-1928)
Joesam.,"{""type"":""Point"",""coordinates"":[-122.4219961,37.7631512]}",Hope Flight
Joesam.,"{""type"":""Point"",""coordinates"":[-122.4219961,37.7631512]}",Hope Flight
Joesam.,"{""type"":""Point"",""coordinates"":[-122.4219961,37.7631512]}",Hope Flight
Joesam.,"{""type"":""Point"",""coordinates"":[-122.4219961,37.7631512]}",Hope Flight
Joesam.,"{""type"":""Point"",""coordinates"":[-122.4219961,37.7631512]}",Hope Flight
Joesam.,"{""type"":""Point"",""coordinates"":[-122.4194155,37.7749295]}",Folks in the 'Hood
Joesam.,"{""type"":""Point"",""coordinates"":[-122.4219961,37.7631512]}",Hope Flight
Joesam.,"{""type"":""Point"",""coordinates"":[-122.4219961,37.7631512]}",Hope Flight
Joesam.,"{""type"":""Point"",""coordinates"":[-122.4219961,37.7631512]}",Hope Flight
Joesam.,"{""type"":""Point"",""coordinates"":[-122.4219961,37.7631512]}",Hope Flight
Joesam.,"{""type"":""Point"",""coordinates"":[-122.4219961,37.7631512]}",Hope Flight
Joesam.,"{""type"":""Point"",""coordinates"":[-122.4219961,37.7631512]}",Hope Flight
Joesam.,"{""type"":""Point"",""coordinates"":[-122.4219961,37.7631512]}",Hope Flight
Joesam.,"{""type"":""Point"",""coordinates"":[-122.4194155,37.7749295]}",Wade in Water
Joesam.,"{""type"":""Point"",""coordinates"":[-122.4219961,37.7631512]}",Hope Flight
Joesam.,"{""type"":""Point"",""coordinates"":[-122.4219961,37.7631512]}",Hope Flight
Joesam.,"{""type"":""Point"",""coordinates"":[-122.4219961,37.7631512]}",Hope Flight
Joesam.,"{""type"":""Point"",""coordinates"":[-122.4219961,37.7631512]}",Hope Flight
Joesam.,"{""type"":""Point"",""coordinates"":[-122.4219961,37.7631512]}",Hope Flight
Joesam.,"{""type"":""Point"",""coordinates"":[-122.4194155,37.7749295]}",Hope Flight
"Johanson, Patricia","{""type"":""Point"",""coordinates"":[-122.4194155,37.7749295]}",Endangered Garden
"Johnson, Amana","{""type"":""Point"",""coordinates"":[-122.4194155,37.7749295]}",Time to Dream
"Jurs, Shelley","{""type"":""Point"",""coordinates"":[-122.464215,37.7798186]}",Good Luck Piece
"Kadish, Ruben","{""type"":""Point"",""coordinates"":[-122.4194155,37.7749295]}",Untitled
"Kahn, Ned","{""type"":""Point"",""coordinates"":[-122.389979,37.615223]}",Wind Portal
"Kahn, Ned","{""type"":""Point"",""coordinates"":[-122.4563772,37.62869]}",The Greenhouse Project
"Kang, Ik-Joong","{""type"":""Point"",""coordinates"":[-122.389979,37.615223]}",Gateway
"Katano, Marc","{""type"":""Point"",""coordinates"":[-122.389979,37.615223]}",Greeting a Totem
"Katano, Marc","{""type"":""Point"",""coordinates"":[-122.389979,37.615223]}",Torso
"Kelly, Lee","{""type"":""Point"",""coordinates"":[-122.3851332,37.7129103]}",Gate F Sculpture
"Kennedy, Deborah","{""type"":""Point"",""coordinates"":[-122.4479623,37.7336841]}",Solar Sight
"Kim, Cheonae","{""type"":""Point"",""coordinates"":[-122.4556651,37.7478586]}",somewhere
"Kirkland, Larry","{""type"":""Point"",""coordinates"":[-122.389979,37.615223]}",Flight Patterns
"Kitundu, Walter","{""type"":""Point"",""coordinates"":[-122.389979,37.615223]}",San Francisco Bay Area Bird Encounters
"Klotz, Werner","{""type"":""Point"",""coordinates"":[-122.389979,37.615223]}",Anemone
"Kogure, Kimiko","{""type"":""Point"",""coordinates"":[-122.448703,37.739277]}",Miraloma Fieldhouse Bathrooms
"Kogure, Kimiko","{""type"":""Point"",""coordinates"":[-122.4194155,37.7749295]}",Stern Grove Trocadero Clubhouse
"Koloski, Vince","{""type"":""Point"",""coordinates"":[-122.393081,37.775209]}",A Library Book
"Kopecek, Vera","{""type"":""Point"",""coordinates"":[-122.389979,37.615223]}",Flight Thrills
"Kozloff, Joyce","{""type"":""Point"",""coordinates"":[-122.389979,37.615223]}","Bay Area Victorian, Bay Area Deco, Bay Area Funk"
"Kricken, John and Rolph","{""type"":""Point"",""coordinates"":[-122.5108707,37.7704354]}",Amundsen Historical Plaque
"Kunishima, Seiji","{""type"":""Point"",""coordinates"":[-122.389979,37.615223]}",Stacking Stones
"Labaudt, Lucien","{""type"":""Point"",""coordinates"":[-122.510284,37.767879]}",People and Places of San Francisco
"Labaudt, Lucien","{""type"":""Point"",""coordinates"":[-122.4194155,37.7749295]}",Advancement of Learning through the Printing Press
"Labaudt, Lucien","{""type"":""Point"",""coordinates"":[-122.4058194,37.8023686]}",Powell Street
"Lands, Christine Marie","{""type"":""Point"",""coordinates"":[-122.4194155,37.7749295]}",Before the Revolution
"Lane, Christopher","{""type"":""Point"",""coordinates"":[-122.389979,37.615223]}",Night Passage
"Langdon, Gordon","{""type"":""Point"",""coordinates"":[-122.4058194,37.8023686]}",California Agricultural Industry
"Leong, James","{""type"":""Point"",""coordinates"":[-122.4194155,37.7749295]}",100 Years of Progress of Chinese in America
"Leong, Lampo","{""type"":""Point"",""coordinates"":[-122.4194155,37.7749295]}",Tectonic Melange
"Lerner, Leslie","{""type"":""Point"",""coordinates"":[-122.389979,37.615223]}",The Smile of Reason
"Lieb, Reddy and Raynsford, Linda","{""type"":""Point"",""coordinates"":[-122.4596396,37.7243765]}",Six Degrees
"Lin, Maya","{""type"":""Point"",""coordinates"":[-122.4661846,37.7699161]}",What's Missing
"Lin, Maya","{""type"":""Point"",""coordinates"":[-122.4835193,37.76904]}",Where the Land Meets the Sea
"Liu, Hung","{""type"":""Point"",""coordinates"":[-122.389979,37.615223]}",Take Off
"Liu, Hung","{""type"":""Point"",""coordinates"":[-122.3940873,37.7816901]}",Map No. 33
Living Lenses (Po Shu Wang & Loui,"{""type"":""Point"",""coordinates"":[-122.4556651,37.7478586]}",NEVERODDOREVEN
"Loarca, Carlos","{""type"":""Point"",""coordinates"":[-122.389979,37.615223]}",Angulos en Todas Direciones
"Loarca, Carlos","{""type"":""Point"",""coordinates"":[-122.4044431,37.7557795]}",Connecting Mural Bands
"Loarca, Carlos","{""type"":""Point"",""coordinates"":[-122.389979,37.615223]}",Angulos en Todas Direciones
"Ludwig, Helen","{""type"":""Point"",""coordinates"":[-122.4044431,37.7557795]}",Untitled
"Ludwig, Helen","{""type"":""Point"",""coordinates"":[-122.4185344,37.7782753]}",One Step at a Time
"MacDonald, Robert","{""type"":""Point"",""coordinates"":[-122.4184094,37.7793133]}",Willie L Brown Bust
Mandel and Sultan,"{""type"":""Point"",""coordinates"":[-122.389979,37.615223]}",Waiting
"Mangrum, Joe","{""type"":""Point"",""coordinates"":[-122.4187616,37.7554415]}",Layla
"Mangrum, Joe","{""type"":""Point"",""coordinates"":[-122.4187616,37.7554415]}",Swing Daddy
"Manwaring, Michael","{""type"":""Point"",""coordinates"":[-122.3943387,37.7976769]}",Historic Signage Project
"Margrill, Anita and Nagasawa, Nobuho","{""type"":""Point"",""coordinates"":[-122.4194155,37.7749295]}",Blueprints
"Marie-Rose, Henri","{""type"":""Point"",""coordinates"":[-122.482221,37.7595959]}",Sailor and Mermaid
"Marie-Rose, Henri","{""type"":""Point"",""coordinates"":[-122.4194155,37.7749295]}",Untitled
"Marini, Marino","{""type"":""Point"",""coordinates"":[-122.4194155,37.7749295]}",Bronze Horse
Mark/Charlie Evans/Brown,"{""type"":""Point"",""coordinates"":[-122.415783,37.778864]}",Into the Light
"Marsh, Thomas","{""type"":""Point"",""coordinates"":[-122.4048688,37.7947175]}",Goddess of Democracy
"Martin, Fran","{""type"":""Point"",""coordinates"":[-122.389979,37.615223]}",Petanque et St-Savin IV
"Martin, Fran","{""type"":""Point"",""coordinates"":[-122.3819341,37.7250945]}",Ndebele
"Martin, Vance","{""type"":""Point"",""coordinates"":[-122.389979,37.615223]}",Untitled
"Martinez, Julian","{""type"":""Point"",""coordinates"":[-122.4194155,37.7749295]}",Juan Bautista de Anza
"McDonnell, Mark","{""type"":""Point"",""coordinates"":[-122.4194155,37.7749295]}",Glass Rondella
"McDonnell, Mark","{""type"":""Point"",""coordinates"":[-122.2063083,37.4178457]}",Glass Rondella
"McQuarrie, J.","{""type"":""Point"",""coordinates"":[-122.4835193,37.76904]}",Father William D. McKinnon ( -1902)
METAL,"{""type"":""Point"",""coordinates"":[-122.3916551,37.7919942]}",International Longshoremen's & Warehousemen's Union Memorial (ILWU)
"Montoya, Emmanuel C.","{""type"":""Point"",""coordinates"":[-122.415783,37.778864]}","Deities of Knowledge, Culture and Literature"
"Moore, Henry","{""type"":""Point"",""coordinates"":[-122.4194155,37.7749295]}",Standing Figure Knife Edged- Winged Figure
"Moore, Henry","{""type"":""Point"",""coordinates"":[-122.4222548,37.790378]}",Large Four Piece Reclining Figure
"Mora, Joseph Jacinto","{""type"":""Point"",""coordinates"":[-122.4666711,37.7703537]}",Miguel Cervantes (1547-1616)
"Moxom, Jack","{""type"":""Point"",""coordinates"":[-122.4194155,37.7749295]}",Sarah B. Cooper Memorial
"Moya Del Pino, Jose","{""type"":""Point"",""coordinates"":[-122.4194155,37.7749295]}",Murals for Acme Beer Company
"Moya Del Pino, Jose","{""type"":""Point"",""coordinates"":[-122.4058194,37.8023686]}","San Francisco Bay, North"
"Mullican, Lee","{""type"":""Point"",""coordinates"":[-122.389979,37.615223]}",The Great Transparents
"Murrill, Gwyn","{""type"":""Point"",""coordinates"":[-122.5049211,37.7336173]}",Tiger II
"Murrill, Gwyn","{""type"":""Point"",""coordinates"":[-122.5049211,37.7336173]}",Cougar III
"Murrill, Gwynn","{""type"":""Point"",""coordinates"":[-122.4194155,37.7749295]}",Hawk V
"Neri, Manuel","{""type"":""Point"",""coordinates"":[-122.433021,37.801262]}",Untitled Proposal
"Neri, Manuel","{""type"":""Point"",""coordinates"":[-122.389979,37.615223]}",Mujer Pagada No.4
"Newman, Ruby","{""type"":""Point"",""coordinates"":[-122.4044431,37.7557795]}",Children's Mural
"Noguchi, Isamu","{""type"":""Point"",""coordinates"":[-122.389979,37.615223]}",Figure
"Novak, Stephen","{""type"":""Point"",""coordinates"":[-122.4194155,37.7749295]}",Untitled
"O'banion, Nance","{""type"":""Point"",""coordinates"":[-122.389979,37.615223]}",Billboard Series: Exploded Transverse with no Nuggies
"O'Day, Ruth","{""type"":""Point"",""coordinates"":[-122.4194155,37.7749295]}",Guardian Serpent
"Olaguibel, Juan","{""type"":""Point"",""coordinates"":[-122.4282213,37.7596965]}",Miguel Hidalgo Y Costilla
"Oldfield, Otis","{""type"":""Point"",""coordinates"":[-122.4058194,37.8023686]}",San Francisco Bay
"Oldfield, Otis","{""type"":""Point"",""coordinates"":[-122.4058194,37.8023686]}",Seabirds and Bay Area Map
"Olmsted, Frederick Law","{""type"":""Point"",""coordinates"":[-122.451725,37.7277894]}",Leonardo da Vinci
"Olmsted, Frederick Law Jr.","{""type"":""Point"",""coordinates"":[-122.451725,37.7277894]}",Edison
"Olmsted, Jr., Frederick Law","{""type"":""Point"",""coordinates"":[-122.4058194,37.8023686]}",Power
"Olmsted, Jr., Frederick Law","{""type"":""Point"",""coordinates"":[-122.451725,37.7277894]}",Education (Theory and Science)
"Oropallo, Deborah","{""type"":""Point"",""coordinates"":[-122.4184094,37.7793133]}",Love + Marriage
"Overhoff, Jacques","{""type"":""Point"",""coordinates"":[-122.4194155,37.7749295]}",Untitled
"Overhoff, Jacques","{""type"":""Point"",""coordinates"":[-122.3896884,37.7321019]}",Untitled
"Overhoff, Jacques","{""type"":""Point"",""coordinates"":[-122.4508478,37.72568589999999]}",Sculpture Garden
"Ozan, Pepe","{""type"":""Point"",""coordinates"":[-122.4194155,37.7749295]}",Invocation
"Paitigan, Haig","{""type"":""Point"",""coordinates"":[-122.4184094,37.7793133]}",Edward Robeson Taylor (1838-1923)
"Paley, Albert","{""type"":""Point"",""coordinates"":[-122.41883,37.780382]}",Courthouse Entry Doors
"Parhad, Fred","{""type"":""Point"",""coordinates"":[-122.4194155,37.7749295]}",Ashurbanipal
"Patigian, Haig","{""type"":""Point"",""coordinates"":[-122.4034248,37.7876664]}",Luisa Tetrazzini (1874-1940) Plaque
"Patigian, Haig","{""type"":""Point"",""coordinates"":[-122.1569535,37.7324503]}",Volunteer Fireman Memorial
"Patigian, Haig","{""type"":""Point"",""coordinates"":[-122.5019123,37.7836073]}",Raphael Weill (1837-1920) Plaque
"Patigian, Haig","{""type"":""Point"",""coordinates"":[-122.4184094,37.7793133]}",James D. Phelan (1861-1930)
"Patigian, Haig","{""type"":""Point"",""coordinates"":[-122.4666711,37.7703537]}",General John J. Pershing (1860-1948)
"Patigian, Haig","{""type"":""Point"",""coordinates"":[-122.4391137,37.8066235]}",William C. Ralston (1826-1875) Monument
"Patigian, Haig","{""type"":""Point"",""coordinates"":[-122.4184094,37.7793133]}",Abraham Lincoln (1809-1865)
"Patigian, Haig","{""type"":""Point"",""coordinates"":[-122.4184094,37.7793133]}","James Rolph, Jr. (1869-1934)"
"Patigian, Haig","{""type"":""Point"",""coordinates"":[-122.4184094,37.7793133]}",Frederick Funston (1865-1917)
"Patlan, Eduardo and Pineda, Ray","{""type"":""Point"",""coordinates"":[-122.4236112,37.7567494]}",Raizes/Roots
"Paunov, Zlatko","{""type"":""Point"",""coordinates"":[-122.3916833,37.795664]}",Mohandas K. Gandhi
"Perry, Charles O.","{""type"":""Point"",""coordinates"":[-122.4194155,37.7749295]}",Bronze Icosahedron
"Perry, R. Hinton","{""type"":""Point"",""coordinates"":[-122.4666711,37.7703537]}",Lion
"Piazzoni, Gottardo Fidele Ponziano","{""type"":""Point"",""coordinates"":[-122.467646,37.771503]}",The Land
"Piazzoni, Gottardo Fidele Ponziano","{""type"":""Point"",""coordinates"":[-122.467646,37.771503]}",The Sea
"Piazzoni, Gottardo Fidele Ponziano","{""type"":""Point"",""coordinates"":[-122.467485,37.771673]}",Night
"Piazzoni, Gottardo Fidele Ponziano","{""type"":""Point"",""coordinates"":[-122.467646,37.771503]}",The Mountains
"Piazzoni, Gottardo Fidele Ponziano","{""type"":""Point"",""coordinates"":[-122.467646,37.771503]}",The Land
"Piazzoni, Gottardo Fidele Ponziano","{""type"":""Point"",""coordinates"":[-122.467646,37.771503]}",The Forests
"Piazzoni, Gottardo Fidele Ponziano","{""type"":""Point"",""coordinates"":[-122.467646,37.771503]}",The Sea
"Piazzoni, Gottardo Fidele Ponziano","{""type"":""Point"",""coordinates"":[-122.467646,37.771503]}",The Sea
"Piazzoni, Gottardo Fidele Ponziano","{""type"":""Point"",""coordinates"":[-122.467646,37.771503]}",The Sea
"Piazzoni, Gottardo Fidele Ponziano","{""type"":""Point"",""coordinates"":[-122.467646,37.771503]}",The Land
"Piazzoni, Gottardo Fidele Ponziano","{""type"":""Point"",""coordinates"":[-122.467646,37.771503]}",The Sea
"Piazzoni, Gottardo Fidele Ponziano","{""type"":""Point"",""coordinates"":[-122.467646,37.771503]}",The Land
"Piazzoni, Gottardo Fidele Ponziano","{""type"":""Point"",""coordinates"":[-122.467646,37.771503]}",The Land
"Pijoan, Irene","{""type"":""Point"",""coordinates"":[-122.4059601,37.7770166]}",Untitled
Po Shu Wang,"{""type"":""Point"",""coordinates"":[-122.398967,37.7574923]}",Scaling Harmonics
Po Shu Wang,"{""type"":""Point"",""coordinates"":[-122.4194155,37.7749295]}",Ghinlon/Transcope
"Poethig, Johanna","{""type"":""Point"",""coordinates"":[-122.4194155,37.7749295]}",Epic; Prediction; Gameboard; and H20
"Poethig, Johanna","{""type"":""Point"",""coordinates"":[-122.4194155,37.7749295]}",Flying Dragon-Snake-Monkey-Bird
"Polk, James","{""type"":""Point"",""coordinates"":[-122.4194155,37.7749295]}",Untitled
"Pomodoro, Arnaldo","{""type"":""Point"",""coordinates"":[-122.389979,37.615223]}",Cilindro Costruito
"Porter, Bruce","{""type"":""Point"",""coordinates"":[-122.4048688,37.7947175]}",Robert Louis Stevenson (1850-1894) Memorial
"Potts, Don","{""type"":""Point"",""coordinates"":[-122.4184094,37.7793133]}",Hallidie Building
"Potts, Don","{""type"":""Point"",""coordinates"":[-122.4184094,37.7793133]}",Pylon of the Golden Gate Bridge
"Potts, Don","{""type"":""Point"",""coordinates"":[-122.4184094,37.7793133]}",City Hall Dome
"Potts, Don","{""type"":""Point"",""coordinates"":[-122.4184094,37.7793133]}","San Francisco Victorian, Italianate Style"
"Powell, Eric","{""type"":""Point"",""coordinates"":[-122.4194155,37.7749295]}",Ocean Current
Precitia Eyes muralists,"{""type"":""Point"",""coordinates"":[-122.420664,37.770841]}",The Flower Inside Us Grows
"Preston, Anne","{""type"":""Point"",""coordinates"":[-122.389979,37.615223]}",You Were in Heaven
"Preston, Anne","{""type"":""Point"",""coordinates"":[-122.41883,37.780382]}",Family Court Waiting Area
"Puccienlli, Raymond","{""type"":""Point"",""coordinates"":[-122.412311,37.8029189]}",Guglielmo Marconi (1874-1937) Memorial Plaque
"Puccinelli, Raimondo(Raymond)","{""type"":""Point"",""coordinates"":[-122.4044431,37.7557795]}",American Bison--Buffalo
"Putnam, Arthur","{""type"":""Point"",""coordinates"":[-122.4666711,37.7703537]}",Sphinx
"Putnam, Arthur","{""type"":""Point"",""coordinates"":[-122.4204734,37.7741056]}",The Winning of the West
"Qizhan, Zhu","{""type"":""Point"",""coordinates"":[-122.4163842,37.7802635]}",Grapevine
"Quagliata, Narcissus","{""type"":""Point"",""coordinates"":[-122.4194155,37.7749295]}",Untitled
"Quagliata, Narcissus","{""type"":""Point"",""coordinates"":[-122.4047824,37.7835988]}",Oracle
"Quagliata, Narcissus","{""type"":""Point"",""coordinates"":[-122.4054085,37.7975529]}",Untitled
"Quilici, Gladys Nevada","{""type"":""Point"",""coordinates"":[-122.4194155,37.7749295]}",Frank Marini (1862-1952)
"Ramirez, Robert","{""type"":""Point"",""coordinates"":[-122.389979,37.615223]}",Urns
Rebar Group,"{""type"":""Point"",""coordinates"":[-122.4037946,37.7112195]}",Street Life
"Reed, Michael John","{""type"":""Point"",""coordinates"":[-122.4184094,37.7793133]}",Mayor George Christopher
"Reid, Robert","{""type"":""Point"",""coordinates"":[-122.4483876,37.8028347]}",The Golden Fruit
"Reid, Robert","{""type"":""Point"",""coordinates"":[-122.4483876,37.8028347]}",Ideals in Art
"Reid, Robert","{""type"":""Point"",""coordinates"":[-122.4483876,37.8028347]}",The Golden Grain
"Reid, Robert","{""type"":""Point"",""coordinates"":[-122.4483876,37.8028347]}",The Birth of European Art
"Reid, Robert","{""type"":""Point"",""coordinates"":[-122.4483876,37.8028347]}",The Golden Metal
"Reid, Robert","{""type"":""Point"",""coordinates"":[-122.4483876,37.8028347]}",The Golden Poppy
"Reid, Robert","{""type"":""Point"",""coordinates"":[-122.4483876,37.8028347]}",Oriental Art
"Reinerston, Lisa","{""type"":""Point"",""coordinates"":[-122.4184094,37.7793133]}",Bust of Dianne Feinstein
"Reinertson, Lisa","{""type"":""Point"",""coordinates"":[-122.4184094,37.7793133]}",John F. Shelley
"Reitschel, Ernst","{""type"":""Point"",""coordinates"":[-122.4666711,37.7703537]}",Goethe and Schiller
"Renfrow, Gregg","{""type"":""Point"",""coordinates"":[-122.389979,37.615223]}",Untitled
"Richards, Peter","{""type"":""Point"",""coordinates"":[-122.4044431,37.7557795]}","Companion Place, a Complement to the Comfort Garden"
"Richards, Peter and Schwartzenberg, Susan","{""type"":""Point"",""coordinates"":[-122.4195296,37.7176346]}",Philosopher's Walk
"Rickey, George Warren","{""type"":""Point"",""coordinates"":[-122.4194155,37.7749295]}",Double L Eccentric Gyratory
rigo 99,"{""type"":""Point"",""coordinates"":[-122.389979,37.615223]}",Thinking of Balmy Alley
"Riley, Cheryl","{""type"":""Point"",""coordinates"":[-122.4194155,37.7749295]}",Angels of Mercy
"Riley, Cheryl","{""type"":""Point"",""coordinates"":[-122.3973036,37.7299279]}",On Target Podium
"Riley, Cheryl","{""type"":""Point"",""coordinates"":[-122.399247,37.729805]}",Indian Spoon Sconces
"Riley, Cheryl","{""type"":""Point"",""coordinates"":[-122.3973036,37.7299279]}",Maasai Warrior Shield Light Sconces
"Riley, Cheryl","{""type"":""Point"",""coordinates"":[-122.399247,37.729805]}",Indian Spoon Sconces
"Riley, Cheryl","{""type"":""Point"",""coordinates"":[-122.4194155,37.7749295]}",Akamba Inlay Floor
"Riley, Cheryl","{""type"":""Point"",""coordinates"":[-122.3973036,37.7299279]}",Granary Bobo Bench
"Rios, Michael","{""type"":""Point"",""coordinates"":[-122.4044431,37.7557795]}",Untitled
"Rivera, Diego","{""type"":""Point"",""coordinates"":[-122.4508478,37.72568589999999]}",Marriage of the Artistic Expression of the North and South of this Continent
"Rivera, Gustavo","{""type"":""Point"",""coordinates"":[-122.389979,37.615223]}","Azul, Azul Y Hacer"
"Rivera, Gustavo","{""type"":""Point"",""coordinates"":[-122.433021,37.801262]}",Untitled
"Roberts, Kent","{""type"":""Point"",""coordinates"":[-122.433021,37.801262]}",Passage
"Rodin, Auguste","{""type"":""Point"",""coordinates"":[-122.4194155,37.7749295]}",The Three Shades
"Rodin, Auguste","{""type"":""Point"",""coordinates"":[-122.4194155,37.7749295]}",The Thinker
"Rodriguez, Isis","{""type"":""Point"",""coordinates"":[-122.4194155,37.7749295]}",Untitled [Rolph Playground]
"Rodriguez, Isis","{""type"":""Point"",""coordinates"":[-122.4194155,37.7749295]}",Los Ninos del Sol
"Rodriguez, Isis","{""type"":""Point"",""coordinates"":[-122.4194155,37.7749295]}",Untitled [Potrero Del Sol Park]
"Rojas, Clare","{""type"":""Point"",""coordinates"":[-122.389979,37.615223]}",Blue Deer
"Ross, Charles","{""type"":""Point"",""coordinates"":[-122.389979,37.615223]}",Light Lines
"Runyon, Hal Bayard","{""type"":""Point"",""coordinates"":[-122.3943387,37.7976769]}",Andrew Furuseth (1854-1938)
"Saltos, Elizabeth","{""type"":""Point"",""coordinates"":[-122.4001425,37.7165812]}",Diagonal Relief
"Sarantitis, Joshua","{""type"":""Point"",""coordinates"":[-122.4194155,37.7749295]}",The Child Sees: Big Snail Fish
"Sato, Norie","{""type"":""Point"",""coordinates"":[-122.389979,37.615223]}",Air Over Under 
"Saulls, Vicki","{""type"":""Point"",""coordinates"":[-122.4122163,37.8024531]}",Locus
"Saulls, Vicki","{""type"":""Point"",""coordinates"":[-122.4122163,37.8024531]}",Nuotatori
"Saulls, Vicki Ann","{""type"":""Point"",""coordinates"":[-122.4365358,37.7598405]}",Welcome Hands
"Saulls, Vicki Ann","{""type"":""Point"",""coordinates"":[-122.4365358,37.7598405]}",From the Heart Outwards
"Saulls, Vicky","{""type"":""Point"",""coordinates"":[-122.4571623,37.7683778]}",Untitled [group of animals]
"Saunders, Raymond","{""type"":""Point"",""coordinates"":[-122.389979,37.615223]}",Letter's Missing
"Scheuer, Suzanne","{""type"":""Point"",""coordinates"":[-122.4058194,37.8023686]}",Newsgathering
"Schmid, Rupert","{""type"":""Point"",""coordinates"":[-122.4666711,37.7703537]}",General Ulysses Simpson Grant (1822-1885)
"Schnier, Jacques","{""type"":""Point"",""coordinates"":[-122.4048711,37.7906482]}",California Theater Plaque
"Schweigardt, Frederick W.","{""type"":""Point"",""coordinates"":[-122.4194155,37.7749295]}",Joseph B. Strauss (1870-1938) Memorial
"Scuri, Vicki","{""type"":""Point"",""coordinates"":[-122.4194155,37.7749295]}",Sheriff Star Plaza
"Segal, George","{""type"":""Point"",""coordinates"":[-122.5056701,37.78773899999999]}",The Holocaust
"Selinger, Paul","{""type"":""Point"",""coordinates"":[-122.4425216,37.7856501]}",Untitled
"Sells, Raymond","{""type"":""Point"",""coordinates"":[-122.4194155,37.7749295]}",Untitled (Planter)
"Sells, Raymond","{""type"":""Point"",""coordinates"":[-122.403768,37.775252]}",Untitled (Planter)
"Serlin, Merle Axelrad","{""type"":""Point"",""coordinates"":[-122.4556651,37.7478586]}",Bay Area Foothills
"Serlin, Merle Axelrad","{""type"":""Point"",""coordinates"":[-122.4556651,37.7478586]}",Cliffs at Land's End
"Serlin, Merle Axelrad","{""type"":""Point"",""coordinates"":[-122.4556651,37.7478586]}",Marin Headlands
"Shaw, Richard","{""type"":""Point"",""coordinates"":[-122.389979,37.615223]}",Martha H.
"Shields-Clarke, Thomas","{""type"":""Point"",""coordinates"":[-122.4666711,37.7703537]}",The Cider Press
"Shively, Evan","{""type"":""Point"",""coordinates"":[-122.4044431,37.7557795]}",Untitled
"Shuler, Dustin","{""type"":""Point"",""coordinates"":[-122.3994074,37.784337]}",Spider Pelt
"Shum, Hilda","{""type"":""Point"",""coordinates"":[-122.4194155,37.7749295]}",Fish Tale
"Shunkai, Bundo","{""type"":""Point"",""coordinates"":[-122.5056701,37.78773899999999]}",Peace Monument
"Slusky, Joseph","{""type"":""Point"",""coordinates"":[-122.4194155,37.7749295]}",Calypso
"Smith, Anthony","{""type"":""Point"",""coordinates"":[-122.4122163,37.7842914]}",Untitled
"Smith, Hassel","{""type"":""Point"",""coordinates"":[-122.389979,37.615223]}",Metamorphosis
"Smith, Owen","{""type"":""Point"",""coordinates"":[-122.4556651,37.7478586]}",Building the Iron Horse
"Smith, Owen","{""type"":""Point"",""coordinates"":[-122.4556651,37.7478586]}",Building the Iron Horse
"Smith, Owen","{""type"":""Point"",""coordinates"":[-122.4556651,37.7478586]}",Building the Iron Horse
"Smith, Owen","{""type"":""Point"",""coordinates"":[-122.4556651,37.7478586]}",Building the Iron Horse
"Smith, Owen","{""type"":""Point"",""coordinates"":[-122.4556651,37.7478586]}",
"Smith, Owen","{""type"":""Point"",""coordinates"":[-122.4556651,37.7478586]}",
"Smith, Owen","{""type"":""Point"",""coordinates"":[-122.4556651,37.7478586]}",
"Smith, Owen","{""type"":""Point"",""coordinates"":[-122.4556651,37.7478586]}",
"Smith, Owen","{""type"":""Point"",""coordinates"":[-122.4556651,37.7478586]}",
"Smith, Owen","{""type"":""Point"",""coordinates"":[-122.4556651,37.7478586]}",Untitled [mosaics]
"Smith, Owen","{""type"":""Point"",""coordinates"":[-122.4556651,37.7478586]}",
"Smith, Owen","{""type"":""Point"",""coordinates"":[-122.4556651,37.7478586]}",
"Smith, Owen","{""type"":""Point"",""coordinates"":[-122.4556651,37.7478586]}",
"Smith, Owen","{""type"":""Point"",""coordinates"":[-122.4556651,37.7478586]}",
"Smith, Owen","{""type"":""Point"",""coordinates"":[-122.4556651,37.7478586]}",
"Smith, Owen","{""type"":""Point"",""coordinates"":[-122.4556651,37.7478586]}",
"Smith, Owen","{""type"":""Point"",""coordinates"":[-122.4556651,37.7478586]}",Untitled [Sculpture Reliefs]
"Snyder, Dan","{""type"":""Point"",""coordinates"":[-122.389979,37.615223]}","Welcome North, Welcome South, Welcome East, Welcome West"
"Sonnier, Keith","{""type"":""Point"",""coordinates"":[-122.389979,37.615223]}",Ceiling Flood
"Sowers, Charles","{""type"":""Point"",""coordinates"":[-122.389979,37.615223]}",Butterfly Wall
"Sproat, Christopher Townsend","{""type"":""Point"",""coordinates"":[-122.4194155,37.7749295]}",Spine
"Stackpole, Ralph","{""type"":""Point"",""coordinates"":[-122.4184094,37.7793133]}",James M. Seawell (1836-1917)
"Stackpole, Ralph","{""type"":""Point"",""coordinates"":[-122.4058194,37.8023686]}",Industries of California
"Stackpole, Ralph","{""type"":""Point"",""coordinates"":[-122.138582,38.017438]}",Edmund Godchaux (1849-1939)
"Stackpole, Ralph","{""type"":""Point"",""coordinates"":[-122.4194155,37.7749295]}",Contemporary Education
"Stellon, Anthony","{""type"":""Point"",""coordinates"":[-122.4194155,37.7749295]}",The Brotherhood of Man
"Stern, Jan Peter","{""type"":""Point"",""coordinates"":[-122.3991803,37.7953907]}",Limits of Horizon II
"Story, William Wetmore","{""type"":""Point"",""coordinates"":[-122.4666711,37.7703537]}",Francis Scott Key (1780-1843)
"Stutz, Michael","{""type"":""Point"",""coordinates"":[-122.389979,37.615223]}",Cardboard Kore
"Tamayo, Rufino","{""type"":""Point"",""coordinates"":[-122.389979,37.615223]}","Conquest of Space, 1983"
"Tchakalian, Sam","{""type"":""Point"",""coordinates"":[-122.389979,37.615223]}",Hitwood
"Telcocci, Gina","{""type"":""Point"",""coordinates"":[-122.3976046,37.759961]}",here and past here
"Templeton, Mark","{""type"":""Point"",""coordinates"":[-122.4158597,37.7791811]}",85194
"Terada, Edward Takeo","{""type"":""Point"",""coordinates"":[-122.4058194,37.8023686]}",Sports
"Thiebaud, Wayne","{""type"":""Point"",""coordinates"":[-122.389979,37.615223]}",18th Street Downgrade
"Tilden, Douglas","{""type"":""Point"",""coordinates"":[-122.3994649,37.7907874]}",Mechanics Monument (Peter Donahue-1829-1885)
"Tilden, Douglas","{""type"":""Point"",""coordinates"":[-122.4020066,37.7887757]}",Native Sons Monument (Admission Day Monument)
"Tilden, Douglas","{""type"":""Point"",""coordinates"":[-122.3994649,37.7907874]}",Mechanics Monument (Peter Donahue-1829-1885)
"Tilden, Douglas","{""type"":""Point"",""coordinates"":[-122.4825878,37.7700645]}",Ball Thrower
"Tilden, Douglas","{""type"":""Point"",""coordinates"":[-122.4666711,37.7703537]}",Padre Junipero Serra (1713-1784)
"Tilden, Douglas","{""type"":""Point"",""coordinates"":[-122.4267119,37.7691599]}","California Volunteers, Spanish American War, 1898"
"Torlakson, James","{""type"":""Point"",""coordinates"":[-122.389979,37.615223]}",Behind Ted McCann's Garage
"True, Laurel","{""type"":""Point"",""coordinates"":[-122.4573634,37.7240936]}",Sun Spheres
"Uehara, Kinji","{""type"":""Point"",""coordinates"":[-122.389979,37.615223]}",The Red Horizon
Vaea,"{""type"":""Point"",""coordinates"":[-122.4059739,37.7323428]}",Untitled
Vaea,"{""type"":""Point"",""coordinates"":[-122.4059739,37.7323428]}",Untitled
"Vaillancourt, Armand","{""type"":""Point"",""coordinates"":[-122.3945938,37.7948985]}",The Embarcadero Fountain
VanDenberge,"{""type"":""Point"",""coordinates"":[-122.4404504,37.7436619]}",Untitled
"VanDenberge, Peter","{""type"":""Point"",""coordinates"":[-122.4194155,37.7749295]}",Garden of Alice
"VanDenberge, Peter","{""type"":""Point"",""coordinates"":[-122.451725,37.7277894]}",Jungle Scenes
"Vidar, Frede","{""type"":""Point"",""coordinates"":[-122.4058194,37.8023686]}",Department Store
"Villamor, Manuel","{""type"":""Point"",""coordinates"":[-122.4044431,37.7557795]}",Untitled
"Villamor, Manuel","{""type"":""Point"",""coordinates"":[-122.389979,37.615223]}",Untitled
"Villegas, Victor Hugo Barranechea","{""type"":""Point"",""coordinates"":[-110.9987805,29.1126824]}",Simon Bolivar
"Volz, Herman","{""type"":""Point"",""coordinates"":[-122.451725,37.7277894]}",Education (Organic and Inorganic Science)
"VonMeyer, Michael","{""type"":""Point"",""coordinates"":[-122.4571623,37.7683778]}",The Child
"Voulkos, Peter","{""type"":""Point"",""coordinates"":[-122.4194155,37.7749295]}",Untitled
"Wagner, Catherine","{""type"":""Point"",""coordinates"":[-122.4194155,37.7749295]}",Swimmer's Waves
"Walburg, Gerald","{""type"":""Point"",""coordinates"":[-122.4044431,37.7557795]}",Stiff Loops (Loop IV)
"Walter, Edgar","{""type"":""Point"",""coordinates"":[-122.4661846,37.7699161]}",Ignatz and Sigmund Steinhart (1840-1917)
"Washington, Horace","{""type"":""Point"",""coordinates"":[-122.4348103,37.7842191]}",Untitled
"Washington, Horace","{""type"":""Point"",""coordinates"":[-122.4194155,37.7749295]}",Untitled
"Wehrle, John","{""type"":""Point"",""coordinates"":[-122.4659468,37.7142194]}",Words Fly Away
"Wessels, Glenn","{""type"":""Point"",""coordinates"":[-122.4556651,37.7478586]}","Fire, Earth, Water, Air, The Professions"
"Wight, Clifford","{""type"":""Point"",""coordinates"":[-122.4058194,37.8023686]}",Farmer and Cowboy
"Wight, Clifford","{""type"":""Point"",""coordinates"":[-122.4058194,37.8023686]}",Surveyor and Steelworker
"Wiley, William","{""type"":""Point"",""coordinates"":[-122.389979,37.615223]}",Void
"Wong, Al","{""type"":""Point"",""coordinates"":[-122.4194155,37.7749295]}",Light Clouds
"Wonner, Paul","{""type"":""Point"",""coordinates"":[-122.433021,37.801262]}",Souvenir of San Francisco
Wowhaus,"{""type"":""Point"",""coordinates"":[-122.4194155,37.7749295]}",Sunnyside Menagerie
"Yung, Rene","{""type"":""Point"",""coordinates"":[-122.4098394,37.7952221]}",Take Root
"Zajac, Jack","{""type"":""Point"",""coordinates"":[-122.389979,37.615223]}",Falling Water Santa Cruz II
"Zakheim, Bernard Baruch","{""type"":""Point"",""coordinates"":[-122.4058194,37.8023686]}",Library
"Zed, Dana","{""type"":""Point"",""coordinates"":[-122.4194155,37.7749295]}",California Wildflowers
"Zoell, Bob","{""type"":""Point"",""coordinates"":[-122.389979,37.615223]}",Untitled [frosted glass panels]
